GCK2004,한국어와한국문화1,전기
GLD2004,한국어와한국문화1,전기
GLD2005,한국어와한국문화2,전기
GCK2005,한국어와한국문화2,전기
GLD1106,비주얼스토리텔링,전기
GCM1004,비주얼스토리텔링,전기
GCI1101,국제통상입문,전기
GLD1102,국제통상입문,전기
GIC1101,국제통상입문,전기
GIC2101,글로벌경영관리개론,전기
GLD2201,시장과효율성,전기
GIC2201,시장과효율성,전기
GLD2202,한국경제와국제협력,전기
GIC2202,한국경제와국제협력,전기
GIC2203,마케팅관리론,전기
GLD2204,현대기업의조직관리,전기
GIC2204,현대기업의조직관리,전기
GLD2205,물가와고용,전기
GIC2205,물가와고용,전기
GLD2207,글로벌경영관리,전기
GIC2207,글로벌경영관리,전기
GLD2208,은행과이자,전기
GIC2208,은행과이자,전기
GLD2209,경영과회계,전기
GIC2209,경영과회계,전기
GIC2211,투자분석,전기
GLD2301,한국과국제관계,전기
GIC2301,한국과국제관계,전기
GLD2303,외교정책입문,전기
GIC2303,외교정책입문,전기
GLD2304,세계화:이론과실제,전기
GIC2304,세계화:이론과실제,전기
GLD2304,세계화와글로벌이슈,전기
GIC2304,세계화와글로벌이슈,전기
GIC2305,디지털플랫폼비즈니스개론,전기
GLD2210,통계학연습,전기
GIC2210,통계학연습,전기
GIC3305,통계학연습,전기
GLD2210,국제통상의통계적분석,전기
GIC2210,국제통상의통계적분석,전기
GIC3305,국제통상의통계적분석,전기
GLD1103,한국문화의이해,전기
GCK1102,한국문화의이해,전기
GKE2401,한국문화의이해,전기
GLD1105,한국의역사적사건,전기
GCK1104,한국의역사적사건,전기
GKE2402,한국의역사적사건,전기
GLD1003,학술담화의이해,전기
GLC1105,학술담화의이해,전기
GLD1004,학술텍스트의이해,전기
GLC1106,학술텍스트의이해,전기
GLD1005,논증과토론,전기
GLC1107,논증과토론,전기
GLD1006,논리적사고와글쓰기,전기
GLC1108,논리적사고와글쓰기,전기
GLD1009,사고와표현,전기
GLC1201,사고와표현,전기
GLD1010,논리와사고,전기
GLC1202,논리와사고,전기
GCI1102,정치학길라잡이,전기
GLC1204,정치학길라잡이,전기
GLD1104,한국의문화적사건,전기
GCK1103,한국의문화적사건,전기
GLC1205,한국의문화적사건,전기
GLD1101,한국문화입문,전기
GCK1101,한국문화입문,전기
GLC1215,한국문화입문,전기
GLD1007,유학생을위한학술독해3,전기
GLD1008,유학생을위한학술독해4,전기
GKC3102,디지털환경과한국문화,전선
GIC2306,국제통상의이해,전선
GIC2307,재무관리의이해,전선
GIC2308,전략경영입문,전선
GIC3201,산업구조와기업전략연구,전선
GIC3202,다국적기업론,전선
GIC3203,국제금융의이해,전선
GIC3204,합리적선택이론,전선
GIC3205,국제자본시장의이해,전선
GIC3206,현대경제의주요쟁점,전선
GIC3207,국제무역이론과실제,전선
GIC3208,기업과전략,전선
GIC3209,소비자행동분석론,전선
GIC3210,마케팅조사분석론,전선
GIC3211,국제경제학원론,전선
GIC3212,국제상사분쟁해결론,전선
GIC3213,중국의통상환경과기업의대응,전선
GIC3216,기업재무분석,전선
GIC3301,국제기구의이해,전선
GIC3302,미디어와외교정책,전선
GIC3303,국제통상연구방법론,전선
GIC3304,남북한관계와국제정치,전선
GIC3306,한국의경제발전과무역정책,전선
GIC3307,경제및금융지표의이해와활용,전선
GIC3308,외교와협상,전선
GIC3309,국제관계이슈분석세미나,전선
GIC4101,머신러닝과재무관리,전선
GIC4201,아세안의통상환경과기업의대응,전선
GIC4202,아프리카지역의통상환경과기업의대응,전선
GIC4203,EU통상환경과기업의대응,전선
GIC4204,글로벌상거래결제론,전선
GIC4205,국제마케팅사례분석,전선
GIC4301,국제개발협력의이해와적용,전선
GIC4302,세계화시대의로컬거버넌스,전선
GIC4303,국제경제연구방법론,전선
GIC4304,미국의대내외정책분석,전선
GIC4305,한국기업의설립과운영,전선
GIC4306,국제관계세미나,전선
GIC4307,국제정치론세미나,전선
GIC4308,글로벌시대의공공외교,전선
GIC4309,금융시장과제도,전선
