GCM1001,디지털이미지의구성,전기
GCM1003,비주얼리터러시,전기
GLD1106,비주얼스토리텔링,전기
GCM1004,비주얼스토리텔링,전기
GCM2001,영상촬영과편집,전기
GCM1002,미디어음향의이해,전기
GCM2002,미디어음향의이해,전기
GCM2007,비디오리터러시,전기
GCM2026,콘텐츠라이팅스킬,전기
GCM2027,역사와스토리텔링,전기
GLD1101,한국문화입문,전기
GCK1101,한국문화입문,전기
GLC1215,한국문화입문,전기
GLD2104,매스미디어의이해,전선
GKC2104,매스미디어의이해,전선
GCM2003,매스미디어의이해,전선
GKC2107,이야기와문화연구,전선
GCM2004,이야기와문화연구,전선
GKC2108,일상생활과현대사회,전선
GCM2005,일상생활과현대사회,전선
GKC2103,동아시아의생각과삶,전선
GCM2006,동아시아의생각과삶,전선
GCM2008,미디어아트와디지털문화,전선
GCM2009,세계예술영화이해,전선
GCM2010,글로벌미디어의이해,전선
GCM2012,콘텐츠라이팅기초,전선
GCM2013,한국전통문화콘텐츠연구,전선
GCM2014,리얼타임비디오입문,전선
GCM2014,리얼타임그래픽스 ,전선
GCM2015,사운드디자인입문,전선
GCM2016,액티브촬영워크숍,전선
GCM2017,영화음악과한국문화,전선
GCM2018,애니메이션상상력,전선
GCM2019,데이터리터러시의이해,전선
GCM2020,AI문화예술스토리텔링,전선
GCM2021,영화음악의이해,전선
GCM2022,문화기술프로그래밍기초,전선
GCM2024,사진영상의세계,전선
GCM3001,1인미디어연출,전선
GKC3108,미디어와현대사회,전선
GCM3002,미디어와현대사회,전선
GKC3104,한국영화속의아시아,전선
GCM3003,한국영화속의아시아,전선
GKC3105,문화비교입문,전선
GCM3004,문화비교입문,전선
GKC3101,근대사회와문화번역,전선
GCM3005,근대사회와문화번역,전선
GCM3006,UX디자인과인터페이스,전선
GCM3007,경험프로토타이핑,전선
GCM3008,온라인미디어콘텐츠1,전선
GCM3009,한국예술영화작가론,전선
GCM3009,20세기할리우드와유럽영화 ,전선
GCM3010,온라인미디어콘텐츠2,전선
GCM3010,크리에이티브제작워크샵 ,전선
GCM3011,영상실습,전선
GCM3012,비주얼아이덴티티,전선
GCM3014,뉴스리터러시,전선
GCM3015,문화간커뮤니케이션,전선
GCM3016,예술경영의이해,전선
GCM3016,한국의공연예술과뮤지컬의세계 ,전선
GCM3018,미디어사운드디자인,전선
GCM3019,미디어콘텐츠표현기술,전선
GCM3020,AI비주얼프로덕션,전선
GCM3021,가치창조스토리텔링,전선
GCM3022,현대미술의시각과해석,전선
GCM3023,온라인콘텐츠투어,전선
GCM3024,노코드와온라인콘텐츠제작,전선
GCM3025,비대면커뮤니케이션,전선
GCM3025,비즈니스커뮤니케이션 ,전선
GCM3026,문화미디어이벤트트렌드,전선
GCM3027,이머시브스토리텔링,전선
GCM3028,미디어와시각예술,전선
GCM3029,TV프로그램프로듀싱의이해,전선
GCM3030,미디어산업의발전,전선
GCM3031,콘텐츠라이팅전략,전선
GCM3032,브랜드이미지와미디어,전선
GCM3033,특수전문직UX리서치스킬,전선
GCM3034,3D인터랙티브증강현실디자인,전선
GKC4101,문화콘텐츠비평,전선
GCM4002,문화콘텐츠비평,전선
GKC4104,창의기획프로젝트1,전선
GCM4003,창의기획프로젝트1,전선
GCM4004,창의기획프로젝트2,전선
GCM4005,문화표현기술의이해,전선
GCM4005,창의콘텐츠세미나 ,전선
GKC3106,스토리텔링과문화콘텐츠,전선
GCM4006,스토리텔링과문화콘텐츠,전선
GCM4007,문화미디어세미나,전선
GCM4008,영화연출론,전선
GKC3107,미디어제작입문,전선
GKC4102,미디어콘텐츠제작의실제,전선
GLD2101,한류와한국문화,전선
GCK2101,한류와한국문화,전선
GKE2404,한류와한국문화,전선
GCM1001,디지털이미지의구성,전기
GCM1003,비주얼리터러시,전기
GLD1106,비주얼스토리텔링,전기
GCM1004,비주얼스토리텔링,전기
GCM2001,영상촬영과편집,전기
GCM1002,미디어음향의이해,전기
GCM2002,미디어음향의이해,전기
GCM2007,비디오리터러시,전기
GCM2026,콘텐츠라이팅스킬,전기
GCM2027,역사와스토리텔링,전기
GLD2104,매스미디어의이해,전선
GKC2104,매스미디어의이해,전선
GCM2003,매스미디어의이해,전선
GKC2107,이야기와문화연구,전선
GCM2004,이야기와문화연구,전선
GKC2108,일상생활과현대사회,전선
GCM2005,일상생활과현대사회,전선
GKC2103,동아시아의생각과삶,전선
GCM2006,동아시아의생각과삶,전선
GCM2008,미디어아트와디지털문화,전선
GCM2009,세계예술영화이해,전선
GCM2010,글로벌미디어의이해,전선
GCM2012,콘텐츠라이팅기초,전선
GCM2013,한국전통문화콘텐츠연구,전선
GCM2014,리얼타임비디오입문,전선
GCM2014,리얼타임그래픽스 ,전선
GCM2015,사운드디자인입문,전선
GCM2016,액티브촬영워크숍,전선
GCM2017,영화음악과한국문화,전선
GCM2018,애니메이션상상력,전선
GCM2019,데이터리터러시의이해,전선
GCM2020,AI문화예술스토리텔링,전선
GCM2021,영화음악의이해,전선
GCM2022,문화기술프로그래밍기초,전선
GCM2024,사진영상의세계,전선
GCM3001,1인미디어연출,전선
GKC3108,미디어와현대사회,전선
GCM3002,미디어와현대사회,전선
GKC3104,한국영화속의아시아,전선
GCM3003,한국영화속의아시아,전선
GKC3105,문화비교입문,전선
GCM3004,문화비교입문,전선
GKC3101,근대사회와문화번역,전선
GCM3005,근대사회와문화번역,전선
GCM3006,UX디자인과인터페이스,전선
GCM3007,경험프로토타이핑,전선
GCM3008,온라인미디어콘텐츠1,전선
GCM3009,한국예술영화작가론,전선
GCM3009,20세기할리우드와유럽영화,전선
GCM3010,온라인미디어콘텐츠2,전선
GCM3010,크리에이티브제작워크샵 ,전선
GCM3011,영상실습,전선
GCM3012,비주얼아이덴티티,전선
GCM3014,뉴스리터러시,전선
GCM3015,문화간커뮤니케이션,전선
GCM3016,한국의공연예술과뮤지컬의세계,전선
GCM3016,예술경영의이해,전선
GCM3018,미디어사운드디자인,전선
GCM3019,미디어콘텐츠표현기술,전선
GCM3020,AI비주얼프로덕션,전선
GCM3021,가치창조스토리텔링,전선
GCM3022,현대미술의시각과해석,전선
GCM3023,온라인콘텐츠투어,전선
GCM3024,노코드와온라인콘텐츠제작,전선
GCM3025,비대면커뮤니케이션,전선
GCM3025,비즈니스커뮤니케이션,전선
GCM3026,문화미디어이벤트트렌드,전선
GCM3027,이머시브스토리텔링,전선
GCM3028,미디어와시각예술,전선
GCM3029,TV프로그램프로듀싱의이해,전선
GCM3030,미디어산업의발전,전선
GCM3031,콘텐츠라이팅전략,전선
GCM3032,브랜드이미지와미디어,전선
GCM3033,특수전문직UX리서치스킬,전선
GCM3034,3D인터랙티브증강현실디자인,전선
GKC4101,문화콘텐츠비평,전선
GCM4002,문화콘텐츠비평,전선
GKC4104,창의기획프로젝트1,전선
GCM4003,창의기획프로젝트1,전선
GCM4004,창의기획프로젝트2,전선
GCM4005,문화표현기술의이해,전선
GCM4005,창의콘텐츠세미나,전선
GKC3106,스토리텔링과문화콘텐츠,전선
GCM4006,스토리텔링과문화콘텐츠,전선
GCM4007,문화미디어세미나,전선
GCM4008,영화연출론,전선
GKC3107,미디어제작입문,전선
GKC4102,미디어콘텐츠제작의실제,전선
GLD2101,한류와한국문화,전선
GCK2101,한류와한국문화,전선
GKE2404,한류와한국문화,전선
